KillCounter,KillTime
0,0
0,0
0,0
0,0
0,0
0,0
0,0
0,0
0,0
0,0
0,0
0,0
0,0
0,0
0,0
0,0
0,0
0,0
0,0
0,0
1,89.66676
1,93.00012
1,98.00016
1,98.66683
1,111.6669
1,141.3335
1,158.9999
1,168.3331
2,74.99998
2,115.667
1,228.3322
1,230.3322
1,230.3322
1,251.9985
2,173.333
1,263.9987
1,277.6657
1,279.3325
2,194.3327
2,40.33332
1,323.6671
3,138.0002
3,125.3337
2,198.9993
2,76.33333
2,262.9986
1,364.3351
4,52.99994
1,379.6689
2,229.6655
2,164.3332
3,113.0003
1,424.6702
1,458.6713
2,264.9987
3,200.9993
3,117.0003
2,300.6664
2,184.9995
5,196.666
4,247.6652
3,245.3319
3,76.33333
2,193.666
4,223.9989
2,306.6666
2,173.6664
2,258.6652
2,476.3385
6,86.3334
4,175.333
3,189.6661
3,293.3329
3,50.66662
3,60.33325
2,419.3367
4,225.3322
3,467.6715
3,115.3336
3,373.002
3,398.6694
2,492.339
4,152
5,45.99997
4,89.33343
5,187.3328
3,136.0003
4,94.00013
4,235.9987
5,182.3329
4,132.3336
5,100.0002
7,217.999
6,120.3337
5,67.99993
3,141.3335
4,21