KillCounter,KillTime
0,0
1,16.61452
2,19.80097
3,12.09868
4,13.50005
5,46.19137
6,14.87167
7,20.3565
8,24.92239
