KillCounter,KillTime
0,0
0,0
0,0
0,0
0,0
0,0
0,0
0,0
0,0
0,0
0,0
0,0
0,0
0,0
0,0
0,0
0,0
0,0
0,0
0,0
1,37.30019
1,40.64606
1,44.08899
1,50.62166
1,50.98043
1,53.54701
1,54.00708
1,67.31427
1,67.69712
1,67.69712
1,68.07965
1,68.99854
1,68.99854
2,29.24766
1,83.18383
2,48.08072
1,85.79182
2,46.21312
2,54.4643
1,98.55332
2,59.17564
2,49.88811
2,83.99487
1,125.9314
1,128.1108
2,49.08217
2,65.79666
3,37.03255
3,17.39871
1,136.9877
3,25.33706
3,56.49155
2,82.9481
2,65.16029
2,88.80243
3,64.23728
2,28.62148
4,30.45791
2,101.3233
1,179.3674
3,95.90453
2,53.9358
3,67.02411
3,64.59991
2,76.95775
2,142.9191
2,169.5101
4,85.64455
3,69.34132
4,95.9931
4,99.36034
3,80.35649
3,115.1345
2,70.45972
3,39.21091
5,81.27397
3,116.9071
3,53.48936
3,123.9199
3,71.98289
4,115.0025
5,46.54651
4,110.7801
4,54.61127
3,123.7782
4,102.4414
4,98.68606
5,89.61096
5,84.66061
4,45.85164
4,77.85845
5,30.93478
4,60.19213
4,60.32813
3,154.4328
5,48.21095
4,105.3259
2,258.3521
6,107.4342
6,76.38451
6,39.63638
5,23.91382
6,38.73963
6,55.40039
4,73.06066
5,72.13535
4,125.9493
5,57.00331
3,128.3124
5,90.52284
5,59.69511
6,29.38474
5,64.40533
4,64.59853
3,51.7907
4,141.5268
5,136.8833
6,73.66221
5,88.6817
7,59.42802
7,65.65962
6,71.26848
6,42.51142
4,30.65416
5,65.24882
6,25.85678
6,43.44689
5,51.40558
7,46.97553
7,95.13074
6,83.64551
7,96.14616
7,30.25611
5,70.00156
6,67.01994
5,41.95474
6,28.8217
8,66.93078
4,114.7705
8,77.78986
6,116.1202
6,58.87248
7,149.8801
7,75.24276
7,72.76163
9,23.53276
7,44.49922
8,55.00258
8,71.81307
7,105.0272
5,175.8401
9,47.96732
7,152.6896
6,93.88825
9,48.43214
8,115.032
8,36.5203
7,108.5537
8,130.612
7,136.8381
8,122.1949
7,156.1226
8,141.7476
6,114.1298
7,160.5125
8,156.827
6,185.695
10,120.631
9,116.2408
7,117.8829
8,208.6781
11,86.76649
8,96.04266
10,238.1188
7,89.4253
9,223.6738
9,114.9132
9,111.7547
8,186.9197
8,178.5679
10,201.8631
8,11